{
	"Property name": "Hotel ABC",
	"Property code": "AE-12-3456",
	"Region": "MEAI",
	"Panel Designs": [
		{
			"DesignId": "001",
			"Panel Name": "Corridor Panel",
			"Panel Code": "IDPG",
			"Room Number": false,
			"Card reader": false,
			"Motion": false,
			"Proximity": false,
			"Audio": false,
			"Temperature": false,
			"Humidity": false,
			"IOT Radio": false,
			"Extended 1-socket": false,
			"Extended 2-socket": false,
			"Allocated Quantity": 100,
			"Max Quantity": 100
		},
		{
			"DesignId": "002",
			"Panel Name": "Entrance Panel",
			"Panel Code": "GS31.04",
			"Room Number": false,
			"Card reader": false,
			"Motion": false,
			"Proximity": true,
			"Audio": true,
			"Temperature": false,
			"Humidity": false,
			"IOT Radio": false,
			"Extended 1-socket": false,
			"Extended 2-socket": false,
			"Allocated Quantity": 100,
			"Max Quantity": 200
		},
		{
			"DesignId": "003",
			"Panel Name": "Bathroom Panel",
			"Panel Code": "GS31.04",
			"Room Number": false,
			"Card reader": false,
			"Motion": true,
			"Proximity": true,
			"Audio": true,
			"Temperature": false,
			"Humidity": false,
			"IOT Radio": false,
			"Extended 1-socket": false,
			"Extended 2-socket": false,
			"Allocated Quantity": 100,
			"Max Quantity": 200
		},
		{
			"DesignId": "004",
			"Panel Name": "Bedside Panel - Left",
			"Panel Code": "GS31.04",
			"Room Number": false,
			"Card reader": false,
			"Motion": false,
			"Proximity": true,
			"Audio": true,
			"Temperature": false,
			"Humidity": false,
			"IOT Radio": false,
			"Extended 1-socket": false,
			"Extended 2-socket": true,
			"Allocated Quantity": 100,
			"Max Quantity": 100
		},
		{
			"DesignId": "005",
			"Panel Name": "Bedside Panel - Right",
			"Panel Code": "GS31.04",
			"Room Number": false,
			"Card reader": false,
			"Motion": false,
			"Proximity": true,
			"Audio": true,
			"Temperature": false,
			"Humidity": false,
			"IOT Radio": false,
			"Extended 1-socket": false,
			"Extended 2-socket": true,
			"Allocated Quantity": 100,
			"Max Quantity": 100
		},
		{
			"DesignId": "006",
			"Panel Name": "Thermostat",
			"Panel Code": "TAG31",
			"Room Number": false,
			"Card reader": false,
			"Motion": true,
			"Proximity": true,
			"Audio": true,
			"Temperature": true,
			"Humidity": true,
			"IOT Radio": true,
			"Extended 1-socket": false,
			"Extended 2-socket": true,
			"Allocated Quantity": 100,
			"Max Quantity": 100
		}
	]
}